Overhang,Mean Ligation Efficiency
TTTT,0.796875
GTTT,12.30078125
CTTT,7.390625
ATTT,4.55859375
TGTT,6.43359375
GGTT,18.4453125
CGTT,14.48828125
AGTT,9.5859375
TCTT,1.7734375
GCTT,15.10546875
CCTT,12.04296875
ACTT,4.78125
TATT,1.3359375
GATT,10.3515625
CATT,9.71484375
AATT,4.33984375
TTGT,1.33203125
GTGT,14.4921875
CTGT,11.4765625
ATGT,7.12890625
TGGT,10.83203125
GGGT,19.95703125
CGGT,17.98828125
AGGT,12.859375
TCGT,4.67578125
GCGT,15.79296875
CCGT,15.25390625
ACGT,7.19140625
TAGT,1.890625
GAGT,11.46484375
CAGT,7.625
AAGT,4.890625
TTCT,2.26171875
GTCT,14.74609375
CTCT,11.33984375
ATCT,8.6171875
TGCT,14.2734375
GGCT,22.46875
CGCT,17.95703125
AGCT,15.453125
TCCT,7.234375
GCCT,17.625
CCCT,13.93359375
ACCT,12.70703125
TACT,4.51953125
GACT,15.42578125
CACT,11.453125
AACT,9.69921875
TTAT,0.35546875
GTAT,6.859375
CTAT,4.3984375
ATAT,2.0234375
TGAT,6.69140625
GGAT,18.5703125
CGAT,14.73828125
AGAT,8.86328125
TCAT,3.86328125
GCAT,14.94140625
CCAT,11.51171875
ACAT,7.359375
TAAT,2.04296875
GAAT,10.6875
CAAT,9.33984375
AAAT,4.5625
TTTG,3.015625
GTTG,15.78125
CTTG,8.0546875
ATTG,9.36328125
TGTG,12.8046875
GGTG,21.26953125
CGTG,16.55859375
AGTG,10.35546875
TCTG,6.14453125
GCTG,17.43359375
CCTG,14.3984375
ACTG,7.81640625
TATG,4.9296875
GATG,15.6875
CATG,13.46875
AATG,8.98046875
TTGG,5.3125
GTGG,15.96484375
CTGG,13.76171875
ATGG,11.5234375
TGGG,15.60546875
GGGG,17.44921875
CGGG,17.15625
AGGG,13.23046875
TCGG,13.2734375
GCGG,18.19140625
CCGG,18.3359375
ACGG,15.21875
TAGG,7.640625
GAGG,14.87890625
CAGG,13.62109375
AAGG,11.05859375
TTCG,7.1328125
GTCG,17.703125
CTCG,12.2265625
ATCG,14.4140625
TGCG,18.21484375
GGCG,23.58984375
CGCG,17.91796875
AGCG,17.49609375
TCCG,14.07421875
GCCG,19.0546875
CCCG,15.8046875
ACCG,17.546875
TACG,10.55078125
GACG,18.8125
CACG,16.328125
AACG,13.828125
TTAG,1.40625
GTAG,9.73828125
CTAG,3.66796875
ATAG,4.42578125
TGAG,9.1640625
GGAG,16.3125
CGAG,11.91015625
AGAG,10.390625
TCAG,6.9921875
GCAG,14.8671875
CCAG,12.42578125
ACAG,11.20703125
TAAG,3.64453125
GAAG,11.8671875
CAAG,7.40625
AAAG,6.66015625
TTTC,3.484375
GTTC,15.765625
CTTC,12.51171875
ATTC,9.93359375
TGTC,13.26953125
GGTC,18.26953125
CGTC,17.87109375
AGTC,14.328125
TCTC,7.0390625
GCTC,16.890625
CCTC,14.60546875
ACTC,10.87890625
TATC,6.02734375
GATC,16.06640625
CATC,15.85546875
AATC,9.92578125
TTGC,5.92578125
GTGC,17.1015625
CTGC,15.4140625
ATGC,13.61328125
TGGC,16.8359375
GGGC,18.8046875
CGGC,18.35546875
AGGC,15.56640625
TCGC,12.06640625
GCGC,14.734375
CCGC,15.6875
ACGC,13.8203125
TAGC,9.59765625
GAGC,15.6640625
CAGC,15.8828125
AAGC,14.18359375
TTCC,8.38671875
GTCC,17.3203125
CTCC,14.359375
ATCC,15.6875
TGCC,19.28515625
GGCC,21.9140625
CGCC,17.296875
AGCC,17.30859375
TCCC,14.70703125
GCCC,18.3828125
CCCC,11.62890625
ACCC,16.51171875
TACC,13.26171875
GACC,16.74609375
CACC,17.64453125
AACC,16.98046875
TTAC,1.765625
GTAC,11.11328125
CTAC,9.625
ATAC,6.8984375
TGAC,13.1953125
GGAC,17.64453125
CGAC,16.2578125
AGAC,13.0078125
TCAC,10.12890625
GCAC,14.9296875
CCAC,14.4140625
ACAC,13.87109375
TAAC,6.66015625
GAAC,14.14453125
CAAC,14.46484375
AAAC,11.40234375
TTTA,0.16796875
GTTA,6.0859375
CTTA,3.3828125
ATTA,1.8203125
TGTA,1.625
GGTA,12.2890625
CGTA,9.33203125
AGTA,4.1796875
TCTA,0.42578125
GCTA,8.91015625
CCTA,6.87890625
ACTA,1.76953125
TATA,0.20703125
GATA,5.62109375
CATA,4.3046875
AATA,1.23046875
TTGA,0.41015625
GTGA,9.671875
CTGA,6.66796875
ATGA,3.62109375
TGGA,3.265625
GGGA,12.68359375
CGGA,13.04296875
AGGA,6.59375
TCGA,1.28125
GCGA,10.37890625
CCGA,12.40234375
ACGA,4.3203125
TAGA,0.390625
GAGA,6.1015625
CAGA,5.6796875
AAGA,1.59375
TTCA,0.91015625
GTCA,11.1328125
CTCA,7.99609375
ATCA,5.69140625
TGCA,8.6484375
GGCA,15.7734375
CGCA,13.11328125
AGCA,11.59375
TCCA,3.375
GCCA,14.4375
CCCA,13.06640625
ACCA,9.3828125
TACA,1.63671875
GACA,11.51953125
CACA,11.0
AACA,5.80078125
TTAA,0.02734375
GTAA,1.69921875
CTAA,1.33203125
ATAA,0.31640625
TGAA,0.91796875
GGAA,7.95703125
CGAA,6.81640625
AGAA,2.13671875
TCAA,0.38671875
GCAA,5.50390625
CCAA,4.96875
ACAA,1.23828125
TAAA,0.17578125
GAAA,3.3515625
CAAA,2.86328125
AAAA,0.734375
