Overhang,Correct Ligation Efficiency,Incorrect Ligation Efficiency
TTTT,187,17
GTTT,2888,261
CTTT,1678,214
ATTT,1111,56
TGTT,1476,171
GGTT,4307,415
CGTT,3372,337
AGTT,2375,79
TCTT,405,49
GCTT,3586,281
CCTT,2773,310
ACTT,1189,35
TATT,312,30
GATT,2504,146
CATT,2259,228
AATT,1088,23
TTGT,310,31
GTGT,3412,298
CTGT,2701,237
ATGT,1762,63
TGGT,2380,393
GGGT,4127,982
CGGT,4222,383
AGGT,3099,193
TCGT,1083,114
GCGT,3446,597
CCGT,3626,279
ACGT,1744,97
TAGT,442,42
GAGT,2698,237
CAGT,1880,72
AAGT,1189,63
TTCT,543,36
GTCT,3170,605
CTCT,2525,378
ATCT,2084,122
TGCT,2924,730
GGCT,4246,1506
CGCT,3837,760
AGCT,3566,390
TCCT,1673,179
GCCT,3804,708
CCCT,3085,482
ACCT,3099,154
TACT,1055,102
GACT,3549,400
CACT,2541,391
AACT,2375,108
TTAT,78,13
GTAT,1711,45
CTAT,1089,37
ATAT,504,14
TGAT,1427,286
GGAT,3962,792
CGAT,3545,228
AGAT,2084,185
TCAT,913,76
GCAT,3326,499
CCAT,2827,120
ACAT,1762,122
TAAT,453,70
GAAT,2452,284
CAAT,2308,83
AAAT,1111,57
TTTG,726,46
GTTG,3635,405
CTTG,1848,214
ATTG,2308,89
TGTG,2758,520
GGTG,4397,1048
CGTG,3808,431
AGTG,2541,110
TCTG,1428,145
GCTG,3973,490
CCTG,3301,385
ACTG,1880,121
TATG,1050,212
GATG,3711,305
CATG,3188,260
AATG,2259,40
TTGG,1263,97
GTGG,3530,557
CTGG,3120,403
ATGG,2827,123
TGGG,3286,709
GGGG,2930,1537
CGGG,3700,692
AGGG,3085,302
TCGG,3077,321
GCGG,3767,890
CCGG,4272,422
ACGG,3626,270
TAGG,1692,264
GAGG,3362,447
CAGG,3301,186
AAGG,2773,58
TTCG,1731,95
GTCG,3823,709
CTCG,2856,274
ATCG,3545,145
TGCG,3227,1436
GGCG,4056,1983
CGCG,3538,1049
AGCG,3837,642
TCCG,3246,357
GCCG,4118,760
CCCG,3700,346
ACCG,4222,270
TACG,2290,411
GACG,4151,665
CACG,3808,372
AACG,3372,168
TTAG,334,26
GTAG,2339,154
CTAG,866,73
ATAG,1089,44
TGAG,1964,382
GGAG,3421,755
CGAG,2856,193
AGAG,2525,135
TCAG,1620,170
GCAG,3534,272
CCAG,3120,61
ACAG,2701,168
TAAG,814,119
GAAG,2877,161
CAAG,1848,48
AAAG,1678,27
TTTC,841,51
GTTC,3490,546
CTTC,2877,326
ATTC,2452,91
TGTC,2894,503
GGTC,4051,626
CGTC,4151,424
AGTC,3549,119
TCTC,1542,260
GCTC,3836,488
CCTC,3362,377
ACTC,2698,87
TATC,1417,126
GATC,3882,231
CATC,3711,348
AATC,2504,37
TTGC,1396,121
GTGC,3593,785
CTGC,3534,412
ATGC,3326,159
TGGC,3480,830
GGGC,3928,886
CGGC,4118,581
AGGC,3804,181
TCGC,2576,513
GCGC,3166,606
CCGC,3767,249
ACGC,3446,92
TAGC,2224,233
GAGC,3836,174
CAGC,3973,93
AAGC,3586,45
TTCC,2012,135
GTCC,3778,656
CTCC,3421,255
ATCC,3962,54
TGCC,3692,1245
GGCC,4270,1340
CGCC,4056,372
AGCC,4246,185
TCCC,3144,621
GCCC,3928,778
CCCC,2930,47
ACCC,4127,100
TACC,3067,328
GACC,4051,236
CACC,4397,120
AACC,4307,40
TTAC,424,28
GTAC,2674,171
CTAC,2339,125
ATAC,1711,55
TGAC,2694,684
GGAC,3778,739
CGAC,3823,339
AGAC,3170,160
TCAC,2390,203
GCAC,3593,229
CCAC,3530,160
ACAC,3412,139
TAAC,1488,217
GAAC,3490,131
CAAC,3635,68
AAAC,2888,31
TTTA,41,2
GTTA,1488,70
CTTA,814,52
ATTA,453,13
TGTA,380,36
GGTA,3067,79
CGTA,2290,99
AGTA,1055,15
TCTA,94,15
GCTA,2224,57
CCTA,1692,69
ACTA,442,11
TATA,42,11
GATA,1417,22
CATA,1050,52
AATA,312,3
TTGA,93,12
GTGA,2390,86
CTGA,1620,87
ATGA,913,14
TGGA,768,68
GGGA,3144,103
CGGA,3246,93
AGGA,1673,15
TCGA,296,32
GCGA,2576,81
CCGA,3077,98
ACGA,1083,23
TAGA,94,6
GAGA,1542,20
CAGA,1428,26
AAGA,405,3
TTCA,222,11
GTCA,2694,156
CTCA,1964,83
ATCA,1427,30
TGCA,1958,256
GGCA,3692,346
CGCA,3227,130
AGCA,2924,44
TCCA,768,96
GCCA,3480,216
CCCA,3286,59
ACCA,2380,22
TACA,380,39
GACA,2894,55
CACA,2758,58
AACA,1476,9
TTAA,4,3
GTAA,424,11
CTAA,334,7
ATAA,78,3
TGAA,222,13
GGAA,2012,25
CGAA,1731,14
AGAA,543,4
TCAA,93,6
GCAA,1396,13
CCAA,1263,9
ACAA,310,7
TAAA,41,4
GAAA,841,17
CAAA,726,7
AAAA,187,1
